<assembly xmlns="http://maven.apache.org/plugins/maven-assembly-plugin/assembly/1.1.0"
		  xmlns:xsi="http://www.w3.org/2001/XMLSchema-instance"
		  xsi:schemaLocation="http://maven.apache.org/plugins/maven-assembly-plugin/assembly/1.1.0 http://maven.apache.org/xsd/assembly-1.1.0.xsd">
	<id>src</id>
	<formats>
		<format>zip</format>
	</formats>
	<fileSets>
		<fileSet>
			<outputDirectory>/</outputDirectory>
			<directory>${project.parent.basedir}</directory>
			<useDefaultExcludes>true</useDefaultExcludes>
			<includes>
				<include>**/src/**</include>
				<include>**/pom.xml</include>
				<include>README*</include>
				<include>LICENSE*</include>
			</includes>
			<excludes>
				<exclude>**/${project.build.directory}/**</exclude>
			</excludes>
		</fileSet>
	</fileSets>
</assembly>
